ID,FNAME,LNAME,AGE,SEX,EMAIL,ADDRESS
1,Lee,Dominguez,40,FEMALE,a@ut.ca,"P.O. Box 999, 5042 Magna Av."
2,Lenore,Copeland,46,MALE ,tortor.at@DonecnibhQuisque.com,4137 Arcu. Road
3,Blossom,Conrad,32,FEMALE,ut@Ut.ca,940-9320 Eget Rd.
4,Emi,Roth,40,MALE ,vel.nisl@Nuncmauris.edu,"1790 Et, St."
5,Robin,Washington,36,FEMALE,dictum.Proin.eget@idenim.com,Ap #971-6731 Dolor Avenue
6,Desiree,Pickett,49,FEMALE,non.luctus@vitae.co.uk,"Ap #244-2352 Montes, Rd."
7,Russell,Carlson,48,MALE ,pharetra.felis@auctornonfeugiat.ca,"771-564 Eu, Av."
8,Hakeem,Matthews,45,FEMALE,vel.convallis.in@Curabitur.com,"P.O. Box 397, 7437 Eget St."
9,Kyla,Justice,26,MALE ,lectus.quis.massa@malesuadafames.edu,247-9493 In Road
10,Elizabeth,Hammond,43,MALE ,orci@rhoncus.net,Ap #176-7447 Rutrum. Rd.
11,Kennedy,Lyons,43,MALE ,nec.tellus@sitamet.net,8689 Metus. Av.
12,Jada,Levine,44,MALE ,auctor.odio.a@Nunccommodo.co.uk,"P.O. Box 479, 5317 Suspendisse St."
13,Amir,Gilbert,27,FEMALE,magna.Ut.tincidunt@sagittis.co.uk,8640 Curabitur Rd.
14,Aristotle,Horne,30,FEMALE,Integer@nuncsit.co.uk,918-6520 Quisque Rd.
15,Adrienne,Stout,25,FEMALE,elit.Nulla@dictummagna.co.uk,"131-4710 Id, Rd."
16,Alexandra,Hunter,25,FEMALE,Ut@magnaSuspendissetristique.net,8485 Metus Av.
17,Carter,Potter,34,FEMALE,dictum.eleifend.nunc@aenim.ca,"P.O. Box 547, 3029 Neque. Rd."
18,Kaye,Burns,43,FEMALE,ac@quisarcu.edu,Ap #340-9798 Ut Rd.
19,Geraldine,Macias,42,FEMALE,Suspendisse@vitaesodales.ca,387-4078 Facilisis Street
20,Charity,Wilkerson,33,FEMALE,fermentum.fermentum@sedpedeCum.ca,8240 Nec Road
21,Keiko,Bean,37,FEMALE,Nullam.lobortis.quam@variuseteuismod.com,"P.O. Box 218, 6971 Ornare Street"
22,Gretchen,Terrell,37,MALE ,eu@sem.co.uk,Ap #769-8885 Viverra. Ave
23,Amelia,Ellison,36,MALE ,Mauris.magna@rutrum.edu,9682 At Rd.
24,Orson,Atkins,43,MALE ,justo.Proin@euismod.edu,"P.O. Box 790, 2816 Lacus. Ave"
25,Eric,Berry,27,MALE ,tristique.pharetra.Quisque@ornareIn.net,5479 Mus. St.
26,Talon,Reilly,45,MALE ,nec@pedeSuspendisse.edu,"P.O. Box 939, 3906 Nunc Avenue"
27,Eric,Mills,30,FEMALE,et@libero.net,Ap #353-6167 Ultrices Av.
28,Virginia,Marks,26,FEMALE,Cras.eget@Aliquamrutrum.edu,890-7129 Gravida Road
29,Jonas,Wong,36,MALE ,mattis@Fusce.com,8565 Sagittis Ave
30,Lee,Spence,25,MALE ,magna.Duis.dignissim@Quisque.net,8352 At Ave
31,Ruth,Patterson,32,FEMALE,metus.Aliquam.erat@mauris.edu,Ap #643-752 Quis Avenue
32,Kasper,Mueller,49,FEMALE,vel.mauris@ametfaucibusut.com,"4780 Erat, St."
33,Leo,Mccormick,31,MALE ,Morbi.neque.tellus@adipiscingfringillaporttitor.co.uk,"P.O. Box 836, 875 Nibh Rd."
34,Lois,Sanders,47,MALE ,tempor@nequeet.ca,271-9500 Dui Road
35,Heidi,Battle,34,FEMALE,pede@luctus.org,266-8103 Nisl. Road
36,Stella,Riddle,36,FEMALE,Proin@QuisquevariusNam.net,Ap #629-8833 Egestas. Road
37,Benedict,Nunez,22,MALE ,eu.odio@euismod.net,Ap #998-1379 Curabitur Street
38,Chloe,Francis,41,MALE ,nec.luctus.felis@iaculis.co.uk,"230-3090 Est, Rd."
39,Jeremy,Hopper,39,MALE ,condimentum@risusMorbimetus.net,9553 Luctus Av.
40,Deborah,Collier,32,MALE ,congue.turpis@tellus.edu,439 In St.
41,Coby,Mcclain,30,MALE ,nec.ligula@aclibero.org,9924 Rutrum. Street
42,Wang,Price,31,FEMALE,non.leo@tristiquepellentesquetellus.co.uk,"P.O. Box 607, 395 Ante St."
43,Raphael,Sears,35,MALE ,faucibus@senectuset.org,Ap #923-8624 Erat Avenue
44,Zeph,Good,21,FEMALE,orci@imperdiet.org,Ap #888-2468 Auctor Rd.
45,Leandra,Montgomery,30,MALE ,congue.elit.sed@consectetuer.edu,326-4357 In Av.
46,Dacey,Ayers,31,MALE ,sapien.cursus.in@rhoncusNullamvelit.net,3594 Tristique Road
47,Ferdinand,Stephens,22,FEMALE,ut.odio@nonenim.edu,"P.O. Box 885, 9342 Morbi Ave"
48,Jarrod,Cooley,36,MALE ,enim@Quisqueporttitoreros.net,"470 Aliquet, Av."
49,Emerald,Burris,21,MALE ,ac.libero@purusDuiselementum.org,Ap #571-7738 Mauris Ave
50,Dora,Sparks,26,MALE ,convallis.dolor@convallis.ca,318-8545 Nascetur St.
51,Upton,Swanson,45,MALE ,sit@Nullamlobortis.com,9885 Sapien St.
52,Rashad,Norman,50,FEMALE,dapibus@Curabitur.edu,"334-9184 Pede, Av."
53,Caryn,Stanton,28,MALE ,ultricies.adipiscing@risus.org,107-1982 Dolor Rd.
54,Alden,Warren,40,MALE ,Mauris.magna@magnaSed.com,"2783 Vulputate, Av."
55,Shelby,Lloyd,30,MALE ,Curabitur.egestas@mattis.net,Ap #644-3645 Risus. Road
56,Patrick,Freeman,43,FEMALE,non@euismodmauris.net,Ap #838-5285 Dapibus Av.
57,Jena,Farmer,21,MALE ,fermentum.arcu@eterosProin.net,814-1277 In Av.
58,Shea,Perez,28,FEMALE,magna.Sed@imperdiet.edu,356-2142 Tortor Ave
59,Jolene,Battle,26,MALE ,ac@nisisem.org,Ap #145-8624 Bibendum St.
60,Griffith,Doyle,29,MALE ,dictum@Nuncmauris.net,Ap #386-7841 Molestie St.
61,Jack,Beck,48,FEMALE,Fusce@enimEtiamgravida.edu,Ap #428-7883 Pharetra. Avenue
62,Shelly,Bridges,33,FEMALE,sed.turpis@Integervitae.co.uk,894-2660 Id Av.
63,Chanda,Stuart,26,MALE ,mauris@eratEtiam.com,"5120 Vulputate, Av."
64,Alan,Wise,35,MALE ,odio.tristique@utmiDuis.org,"P.O. Box 873, 9353 Odio. St."
65,Rhea,Kirk,30,MALE ,mauris.sagittis@adipiscingligula.co.uk,Ap #646-2186 Maecenas St.
66,Uta,Pope,46,FEMALE,ac.sem@afelis.org,Ap #580-1896 Sollicitudin St.
67,Vanna,Roberts,39,MALE ,et.ultrices.posuere@a.ca,Ap #744-4402 Massa Street
68,Knox,Rich,23,MALE ,gravida.Aliquam.tincidunt@faucibusorciluctus.co.uk,Ap #252-5654 Morbi Avenue
69,Craig,Santana,50,MALE ,vel@vulputatemauris.ca,9921 Egestas. St.
70,Kirk,Whitehead,24,FEMALE,vitae.posuere.at@mauris.com,"P.O. Box 843, 5955 Parturient St."
71,Ethan,Hubbard,29,MALE ,dui.lectus.rutrum@risusNunc.ca,825-9584 Aliquet. Road
72,Noble,Sosa,47,MALE ,gravida.sit.amet@laciniaSed.edu,7801 Sollicitudin Rd.
73,Alma,Blanchard,38,MALE ,Nunc.commodo.auctor@non.com,"P.O. Box 547, 9182 Eu, Avenue"
74,Graham,Grimes,24,FEMALE,Aliquam.nisl.Nulla@necquam.org,Ap #540-1238 Nunc St.
75,Ali,Lambert,29,MALE ,eu.metus@quis.co.uk,763-9595 Vivamus Rd.
76,Melodie,Morris,43,FEMALE,nec@mattis.ca,339-9644 Metus Avenue
77,Demetrius,Chavez,49,FEMALE,egestas.hendrerit.neque@orciinconsequat.co.uk,"2902 Montes, Av."
78,Frances,Hicks,43,MALE ,ligula.tortor@duiaugue.net,158-8635 Eleifend Rd.
79,Lee,Chavez,48,MALE ,Cum.sociis@ut.com,397-9244 Pede. Rd.
80,Herman,Caldwell,43,FEMALE,Sed.malesuada.augue@Quisqueaclibero.org,"636-6458 Lorem, Street"
81,Liberty,Baldwin,21,MALE ,diam.Pellentesque.habitant@Cum.co.uk,2150 Et Ave
82,Xanthus,Bishop,42,MALE ,mi.ac@Nuncmauris.org,6902 Eget Rd.
83,Kimberley,Berger,34,FEMALE,gravida.molestie@nascetur.net,685-2860 Nam Rd.
84,Richard,Parrish,42,FEMALE,nec.diam.Duis@ipsumnon.com,"P.O. Box 850, 5087 Amet, Street"
85,Tara,Snyder,31,MALE ,luctus@Phasellusfermentumconvallis.org,862-2944 Egestas St.
86,Candice,Carr,33,MALE ,leo.Morbi@Aliquamerat.org,"P.O. Box 828, 2166 Pede, Avenue"
87,Tasha,Walton,25,FEMALE,in.magna.Phasellus@magnaa.org,348 Ullamcorper St.
88,Cooper,Golden,35,FEMALE,Morbi@ipsum.co.uk,284-5112 Bibendum Road
89,Zia,Black,38,FEMALE,Nulla@velit.org,"P.O. Box 234, 8775 Cras St."
90,Raven,Sims,37,FEMALE,nulla.magna.malesuada@dictumcursusNunc.co.uk,747-3762 Commodo Rd.
91,Wayne,Cantrell,28,FEMALE,et@vulputate.org,806-8187 Dolor Street
92,Ira,Parks,25,FEMALE,tellus.Phasellus.elit@convalliserateget.org,"P.O. Box 186, 3173 Consectetuer Rd."
93,Stacey,Rowe,35,FEMALE,ac.sem@dis.org,1680 Aliquam Rd.
94,Cheryl,Ortiz,36,MALE ,sapien@tempus.net,"P.O. Box 477, 2259 Faucibus St."
95,Raphael,Golden,34,FEMALE,ac.mattis@SednequeSed.co.uk,Ap #525-6808 Eu St.
96,Yetta,Greer,30,FEMALE,orci.adipiscing.non@Morbi.com,"Ap #634-1885 Eleifend, Avenue"
97,Venus,Weber,27,FEMALE,Morbi.accumsan@hendreritDonec.org,347-1726 Facilisis Avenue
98,Danielle,Yates,38,FEMALE,libero@nec.co.uk,307-9563 Sem. Av.
99,Leslie,Duke,32,MALE ,sem@molestieorci.edu,"P.O. Box 842, 8092 Libero. St."
100,Hoyt,Best,48,FEMALE,scelerisque.scelerisque.dui@elitNulla.edu,114-3512 Cubilia St.
